fuzzy_risk,classes,functions,comment_lines,ncloc,lines,complexity,class_complexity,function_complexity,blocker_violations,critical_violations,major_violations,minor_violations,Label
51.11,57,306,532,3782,6063,822,14.4,2.7,0,0,237,123,1
51.11,14,121,480,1480,2735,334,23.9,2.7,0,3,78,54,1
0,15,127,765,964,2323,214,14.3,1.7,0,0,51,52,0
0,6,75,288,1480,2107,352,58.7,4.7,0,1,86,70,0
0,24,149,494,2264,3680,527,22,3.5,0,0,222,99,0
51.11,63,456,2823,4680,10839,989,15.7,2.1,0,2,553,229,1
51.11,63,396,180,6106,7526,1274,20.2,3.2,0,1,201,287,1
0,7,53,22,990,1114,222,31.7,4.2,0,0,194,49,0
0,60,297,1103,4163,6845,741,12.4,2.5,0,8,438,799,0
0,5,82,70,1035,1540,228,45.6,2.8,0,0,84,189,0
50,65,420,802,8500,10798,1588,24.4,3.7,3,12,553,491,1
51.11,24,159,227,2375,3279,348,14.5,2.1,0,1,462,106,1
0,4,20,34,419,499,70,17.5,3.5,0,2,36,12,0
51.11,27,191,287,3065,4068,760,28.1,3.9,0,3,432,453,1
51.11,57,405,649,4905,7015,1133,19.9,2.7,0,6,285,213,1
53.33,19,110,47,1170,1488,212,11.2,1.7,1,4,43,63,1
51.11,106,491,277,7385,11374,1427,13.5,2.9,0,8,536,197,1
51.11,46,200,1086,2891,5945,587,12.8,2.9,0,1,204,127,1
51.11,62,291,788,3317,6014,719,11.6,2.5,1,0,116,72,1
0,11,44,38,552,817,105,9.5,2.4,0,0,30,27,0
0,146,749,2597,9575,22589,2464,16.9,3.2,3,4,665,1305,0
0,3,20,72,248,422,49,16.3,2.5,0,0,29,7,0
51.11,7,23,18,460,548,83,11.9,3.5,3,0,60,21,1
51.11,7,22,2,288,339,40,5.7,1.8,0,0,17,18,1
0,32,151,107,1850,2429,392,12.3,2.6,0,0,39,75,0
0,19,95,60,1470,1943,227,11.9,2.4,0,0,279,8,0
51.11,5,20,21,434,502,76,15.2,3.8,0,6,119,28,1
0,8,32,1,451,548,81,10.1,2.5,0,0,43,20,0
51.11,192,522,3408,12918,22985,1850,9.6,3.5,7,8,523,333,1
51.11,1,9,20,225,303,31,31,3.4,0,0,12,13,1
0,2,10,12,148,195,18,9,1.7,0,0,13,17,0
51.11,5,43,90,704,934,126,25.2,2.7,0,1,26,10,1
50,91,504,1577,8892,13237,1819,20,3.6,2,44,683,368,1
51.11,46,156,403,2137,4362,344,7.5,2.2,0,12,81,47,1
50,79,499,1115,8793,12593,1706,21.6,3.4,2,0,720,689,1
51.11,12,170,916,2840,4351,562,46.8,3.3,0,9,938,564,1
0,5,15,84,220,371,40,8,2.3,0,0,14,6,0
15,6,33,0,191,248,34,5.7,1,0,0,19,7,0
51.11,9,37,133,748,1364,109,12.1,2.9,0,1,33,13,1
0,6,61,50,857,1006,137,22.8,2.2,0,0,97,183,0
51.11,37,234,51,3844,5262,823,22.2,3.5,12,1,169,91,1
50,51,210,568,4797,7433,714,14,3.4,0,3,1254,195,1
0,52,279,375,4504,6664,1012,19.5,3.6,9,2,283,336,0
51.11,108,699,3282,9909,19930,1748,16.2,2.5,4,3,1241,396,1
0,21,186,431,2556,3642,638,30.4,3.4,0,0,253,150,0
51.11,6,76,209,914,1304,210,35,2.8,0,0,47,151,1
0,13,108,100,1327,1658,392,30.2,3.6,2,5,205,112,0
0,35,154,19,1472,2520,264,7.5,1.7,0,0,51,72,0
50,10,43,254,1037,1623,171,17.1,3.9,0,0,59,35,1
50,143,797,3931,16373,26929,2943,20.6,3.7,0,81,1460,940,1
51.11,17,85,487,1703,2646,445,26.2,5.2,0,0,262,139,1
51.11,14,57,91,812,1429,121,8.6,2.1,0,0,20,20,1
0,25,162,167,1578,2382,327,13.1,1.8,0,0,111,139,0
0,14,96,124,942,1452,185,13.2,1.9,0,0,87,46,0
51.11,3,32,44,374,525,80,26.7,2.5,0,0,25,9,1
0,25,229,630,2681,4106,559,22.4,2.4,0,0,206,248,0
0,3,17,36,301,480,66,22,3.9,0,0,37,12,0
0,27,167,824,2166,3597,457,16.9,2.6,2,1,265,94,0
0,8,14,42,247,385,19,2.4,1.4,0,0,5,21,0
0,45,298,301,4154,5637,1093,24.3,3.7,0,2,228,89,0
0,1,2,0,81,106,17,17,8.5,0,0,27,6,0
0,4,11,32,272,411,63,15.8,3,1,0,62,37,0
50,190,1325,9449,21372,45870,3688,19.4,2.7,1,1,2552,3562,1
0,5,55,110,641,1026,135,27,2.5,1,0,8,23,0
51.11,313,1729,3774,31000,45999,5598,17.9,3.2,2,8,1579,1221,1
0,112,719,1206,10135,14345,2215,19.8,3.1,0,4,638,228,0
51.11,3,6,12,105,162,16,5.3,2.7,0,1,4,1,1
51.11,267,1501,763,17843,22808,3403,12.7,2.3,2,31,1391,681,1
53.33,128,504,257,5476,7256,1118,8.7,2.2,0,1,356,491,1
50,22,76,61,1288,2026,256,11.6,3.4,0,0,149,36,1
51.11,57,321,65,5002,6003,1043,18.3,3.2,0,11,1460,431,1
50,18,91,36,1043,1280,181,10.1,2,0,1,72,121,1
51.11,27,160,205,2027,2748,419,15.5,2.6,0,9,102,66,1
50,3,9,17,228,321,51,17,5.7,0,1,14,16,1
51.11,62,464,701,8213,11189,1393,22.5,3,1,4,2044,360,1
0,55,373,246,6080,8366,1163,21.1,3,0,9,416,290,0
50,71,367,1449,5134,9401,940,13.2,2.5,0,21,518,420,1
51.11,16,187,2175,2452,5646,796,49.8,4.2,0,1,155,113,1
0,1,14,55,149,267,31,31,2.2,0,0,2,3,0
0,53,393,1473,5572,9407,1407,26.5,3.6,0,2,441,111,0
0,18,105,109,1366,1870,267,14.8,2.4,0,1,89,20,0
0,2,7,0,197,220,85,42.5,12.1,0,1,115,36,0
0,73,534,1249,9735,14130,2167,29.7,3.9,3,14,1556,660,0
0,2,8,27,152,233,17,8.5,1.6,0,0,3,7,0
0,22,99,725,2539,4630,332,15.1,3.4,0,0,408,318,0
0,1,1,0,9,15,1,1,1,0,0,2,0,0
51.11,1,3,6,57,97,8,8,2.7,0,0,0,2,1
51.11,87,320,245,3886,5496,786,9,2.5,0,2,193,125,1
50,166,1047,1578,21921,28647,4093,24.7,3.6,4,65,4261,1356,1
0,16,90,165,912,1335,213,13.3,2.3,2,0,65,51,0
0,10,46,21,588,844,85,8.5,1.8,0,0,63,58,0
0,212,1562,2267,22938,31848,3592,16.9,2.3,1,3,978,1086,0
0,2,4,20,73,123,6,3,1.5,0,0,4,3,0
0,37,225,210,2958,3868,619,16.7,2.7,0,7,96,131,0
51.11,38,215,243,2601,4157,503,13.2,2.3,0,0,162,121,1
0,42,262,746,4376,6342,745,17.7,2.8,0,27,742,592,0
51.11,96,482,61,7262,9285,1210,12.6,2.4,0,1,239,311,1
51.11,84,494,407,6738,9521,1386,16.5,2.6,0,29,456,161,1
51.11,255,2720,6678,25028,41929,6416,25.2,2.3,5,3,1459,456,1
50,256,1882,6185,23295,38938,4920,19.2,2.6,1,43,2154,1664,1
0,1,5,21,92,166,19,19,3.8,0,2,12,5,0
44.62,48,259,420,4873,6687,1206,25.1,4.7,0,7,610,697,1
50,81,540,2116,13308,18570,2731,33.7,5,0,12,375,350,1
0,11,65,0,886,1115,168,15.3,2.6,0,7,43,12,0
0,15,73,45,1389,1829,249,16.6,3.4,0,0,106,46,0
50,38,371,441,3250,4533,751,19.8,2,0,2,296,340,1
0,153,904,10458,15442,37246,3832,25,4.2,3,11,2319,2346,0
50,34,243,542,2775,4258,411,12.1,1.6,0,2,191,166,1
0,14,60,94,1288,1570,156,11.1,2.5,0,0,221,135,0
51.11,55,267,115,3699,3996,804,14.6,3,1,3,624,110,1
51.11,4,16,198,667,1141,171,42.8,10.7,0,1,26,145,1
51.11,81,424,864,5532,9007,1077,13.3,2.5,0,0,286,385,1
51.11,10,50,121,775,1098,222,22.2,4.4,3,12,97,45,1
50,18,105,355,1411,2437,283,15.7,2.7,0,0,153,179,1
51.11,11,38,91,1007,1447,163,14.8,4.3,0,0,241,90,1
51.11,17,65,28,1360,1758,252,14.8,3.9,0,11,71,28,1
0,4,22,25,259,308,38,9.5,1.7,0,0,11,104,0
0,69,403,1603,5751,9372,1455,21.1,3.5,1,10,627,440,0
51.11,2522,21788,31776,269639,455666,56747,22.5,2.6,1715,212,54964,14930,1
51.11,35,195,229,2845,3784,452,12.9,2.2,0,1,164,89,1
51.11,151,921,3604,23239,31072,4863,32.2,4.9,0,43,4085,986,1
53.33,14,78,54,1563,2023,273,19.5,3.5,0,0,249,140,1
44.62,12,51,118,1375,1721,263,21.9,5,0,33,384,75,1
51.11,307,2690,6527,27640,44786,6849,22.3,2.5,0,17,2107,792,1
50,33,305,666,4393,6379,1051,31.8,3.4,4,9,466,484,1
0,14,141,1070,1779,3783,426,30.4,3,0,8,142,82,0
0,9,26,51,712,1001,163,18.1,6.3,0,3,74,43,0
51.11,1,1,2,12,37,1,1,1,0,0,2,0,1
50,53,255,615,3916,6047,755,14.2,2.9,0,35,317,260,1
0,16,71,22,1191,1511,197,12.3,2.8,0,3,90,31,0
0,47,175,298,2637,4170,441,9.4,2.5,1,3,574,85,0
51.11,208,1300,1833,15745,22275,3418,16.4,2.6,3,7,1800,415,1
51.11,37,246,106,2594,3270,614,16.6,2.5,1,1,302,111,1
15,35,214,79,2841,3599,485,13.9,2.2,0,25,489,100,0
53,95,786,439,8040,9562,2798,29.5,3.5,0,1,2889,299,1
0,34,189,219,3834,5571,571,16.8,3,0,0,1023,872,0
51.11,7,24,14,345,636,43,6.1,1.8,0,2,10,3,1
50,13,70,140,1087,1612,177,13.6,2.5,0,3,295,8,1
30,8,62,107,536,776,133,16.6,2.1,0,0,41,19,0
0,2,5,5,53,74,8,4,1.6,0,0,0,2,0
51.11,11,29,43,557,710,137,12.5,4.7,0,0,64,24,1
51.11,14,66,123,1542,1789,418,29.9,7,0,21,399,92,1
0,5,22,86,359,565,57,11.4,2.6,0,1,31,17,0
0,8,78,419,1240,2075,269,33.6,3.4,0,0,218,47,0
0,385,2740,6515,45967,63859,9445,24.5,3.4,2,59,1490,1873,0
51.11,9,46,16,628,734,151,16.8,3.2,0,0,178,78,1
51.11,20,83,323,1232,2009,216,10.8,2.4,0,9,75,57,1
51.11,28,228,206,4189,5236,756,27,2.7,0,32,310,229,1
0,17,89,0,990,1272,164,9.6,1.8,0,1,27,16,0
51.11,13,61,64,774,1116,150,11.5,2.4,0,2,94,47,1
0,23,97,93,1482,2280,272,11.8,2.8,0,0,41,89,0
0,27,116,153,1385,2332,266,9.9,2.3,0,0,75,45,0
51.11,61,417,804,5750,8709,1188,19.5,2.8,0,19,562,233,1
51.11,317,4952,15637,45129,74511,11444,36.1,2.3,2,13,4479,2599,1
51.11,107,549,408,6344,9532,1248,11.7,2.3,5,30,1126,283,1
15,24,168,170,1646,2336,302,12.6,1.7,0,0,100,67,0
0,25,140,3,2103,2801,357,14.3,2.5,0,1,97,53,0
0,10,46,100,1436,1910,109,10.9,2.4,0,1,23,14,0
0,112,702,1109,10879,15260,2183,19.5,3.1,2,0,384,344,0
0,17,73,134,1997,2499,396,23.3,5.1,0,1,121,163,0
51.11,123,1024,169,15882,18195,3609,29.3,3.4,3,11,635,523,1
15,20,78,127,1504,1967,253,12.7,3.2,0,7,178,82,0
51.11,101,673,921,9416,14511,2117,21,3.1,0,27,796,416,1
0,14,83,47,1120,1504,242,17.3,2.8,0,1,50,50,0
51.11,339,2282,2478,33196,43445,7133,21,3,2,125,1749,969,1
51.11,62,351,427,4490,6084,926,14.9,2.6,0,1,120,78,1
0,3,13,120,365,511,71,23.7,5.5,0,0,21,119,0
51.11,32,173,198,2728,4086,491,15.3,2.8,0,2,87,67,1
0,15,44,480,864,2239,192,12.8,4.4,0,0,110,22,0
0,15,91,269,1475,2209,424,28.3,4.7,0,0,436,193,0
0,18,79,28,979,1227,304,16.9,3.8,0,0,240,140,0
51.11,739,5172,7651,51826,74947,11863,16.1,2.3,0,27,2128,1206,1
51.11,41,185,1011,4380,6611,710,17.3,3.8,1,0,1112,75,1
51.11,43,245,1956,4128,7948,921,21.4,3.6,1,7,660,593,1
0,2,35,22,344,415,104,52,3,0,0,27,7,0
50,113,581,2244,7235,13232,2129,18.8,3.6,0,1,852,615,1
51.11,209,2142,5408,19771,33447,4986,23.9,2.3,0,3,1225,320,1
50,430,2359,4706,28553,46006,6113,14.2,2.6,28,13,4720,2180,1
51.11,1,31,4,318,362,66,66,2.1,0,1,41,8,1
0,6,29,36,546,834,100,16.7,3.4,0,5,114,12,0
53.33,4,13,32,193,269,40,10,1.9,0,0,15,16,1
0,16,84,224,1214,1702,209,13.1,2.5,0,3,233,89,0
51.11,28,100,75,1883,2287,304,10.9,3,0,7,208,96,1
15,15,115,201,2248,2854,405,27,3.5,0,1,307,239,0
51.11,118,674,3246,9539,19786,1587,13.4,2.3,4,5,1282,410,1
51.11,19,53,73,1313,1615,212,11.2,4,0,0,99,34,1
51.11,160,922,996,14618,19784,2824,17.7,3.1,0,8,559,397,1
0,13,65,52,1629,2313,282,21.7,4.3,0,21,194,63,0
0,1,8,17,129,170,20,20,2.5,0,0,7,3,0
0,1,1,0,9,15,1,1,1,0,0,1,0,0
0,5,20,11,183,245,26,5.2,1.3,0,0,9,7,0
50,28,212,93,4448,5400,660,23.6,3.1,0,7,597,347,1
0,14,79,121,1060,1786,181,12.9,2.3,0,2,63,205,0
51.11,63,328,367,4859,6966,972,15.4,2.9,1,7,367,217,1
51.11,10,45,201,877,1400,135,13.5,3,0,6,157,40,1
0,42,230,447,3930,5462,887,21.1,3.8,0,18,447,278,0
50,206,1345,3151,18809,28462,4742,23,3.5,3,24,2034,666,1
51.11,58,342,755,4763,7346,1036,17.9,2.8,0,18,409,261,1
51.11,24,94,329,1353,2466,207,8.6,2.2,0,1,289,147,1
0,13,72,467,1826,2506,351,27,4.9,0,4,447,378,0
0,25,90,271,867,1491,140,5.6,1.5,0,0,65,56,0
0,1,1,0,23,61,2,2,2,0,0,0,0,0
0,4,31,45,462,719,80,20,2.6,0,1,21,58,0
50,40,140,195,2067,2756,397,9.9,2.8,0,0,142,67,1
50,31,188,259,2099,3082,452,14.6,2.4,0,0,147,64,1
0,38,122,1106,1223,3624,227,6,1.9,0,3,103,92,0
0,9,25,11,428,672,83,9.2,3.3,1,1,34,33,0
0,48,260,56,4012,5100,873,18.2,3.3,0,3,354,224,0
50,53,560,2697,9810,16569,2260,42.6,4,1,2,1164,579,1
51.11,480,3380,6970,53925,75112,13824,28.8,4,9,11,2825,1879,1
51.11,273,1445,4655,20741,35025,5233,19.2,3.5,1,13,1674,1524,1
0,7,26,38,575,810,119,17,4.6,0,0,52,11,0
51.11,14,82,176,1680,2197,355,25.4,3.9,3,5,372,181,1
51.11,121,505,380,5729,8711,1093,9,2.2,0,0,913,216,1
0,1,7,2,117,137,17,17,2.4,0,1,6,117,0
0,6,26,96,546,793,78,13,3,0,0,120,432,0
50,90,483,440,8115,10544,1593,17.7,3.3,0,5,781,331,1
0,1,2,44,112,176,15,15,7.5,0,6,24,15,0
0,2,9,0,130,156,28,14,3.1,0,0,8,3,0
51.11,135,893,2946,20339,28227,4327,32.1,4.8,2,95,1845,1215,1
51.11,104,467,62,5963,7153,1103,10.6,2.4,18,8,239,71,1
50,4,18,163,373,642,111,27.8,6.2,0,0,47,39,1
30,32,266,254,3075,4171,617,19.3,2.3,0,3,325,155,0
51.11,72,433,834,6079,9761,1246,17.3,2.8,1,2,285,492,1
51.11,66,369,354,7104,10155,1544,23.4,4,9,1,422,331,1
0,22,88,307,2466,3774,570,25.9,6.4,0,8,459,109,0
0,158,782,3782,9160,19024,2139,13.5,2.7,6,6,587,787,0
51.11,18,109,25,1576,1891,313,17.4,2.6,12,2,80,63,1
51.11,9,40,155,785,987,137,15.2,3.4,0,4,178,70,1
51.11,80,415,205,6044,7536,1102,13.8,2.7,0,2,638,283,1
30,34,174,229,1963,2679,442,13,2.5,2,0,228,116,0
51.11,22,60,16,1574,1843,230,10.5,3.4,0,21,159,75,1
51.11,29,452,5078,7324,13998,2227,76.8,4.9,0,16,2774,1141,1
52.22,335,3049,7897,29695,50269,7778,23.2,2.5,18,84,5249,2791,1
0,30,98,425,2075,3379,342,11.4,3.4,0,0,68,77,0
51.11,12,30,58,778,1110,109,9.1,4.3,0,3,59,30,1
0,15,57,468,2192,2565,256,17.1,4.4,0,0,513,1526,0
51.11,227,3811,4469,32473,41829,8561,37.7,2.2,0,7,2657,1492,1
0,94,731,380,9056,11789,1987,21.1,2.7,5,5,357,344,0
0,20,116,390,1978,3227,404,20.2,3.5,0,1,170,70,0
0,34,157,22,2209,2895,422,12.4,2.7,0,1,94,98,0
0,4,18,10,188,230,27,6.8,1.5,0,0,9,49,0
0,6,33,24,499,685,64,10.7,1.9,0,0,97,18,0
50,35,184,282,2006,3249,410,11.7,2.2,0,3,129,82,1
50,187,769,2642,13114,18926,2597,13.9,3.3,0,8,914,773,1
51.11,254,1242,723,17879,26790,4313,17,3.4,62,22,1987,935,1
0,7,50,70,782,1098,148,21.1,2.5,0,0,47,9,0
0,12,52,294,1006,1792,212,17.7,3.9,0,0,56,19,0
51.11,241,977,179,14368,18814,2579,10.7,2.5,1,0,445,163,1
51.11,2,14,26,215,300,32,16,2.2,0,0,13,21,1
0,12,74,112,1569,1739,367,30.6,5,0,1,142,110,0
0,2,5,14,124,230,30,15,6,0,0,5,4,0
0,6,62,190,803,1228,173,28.8,2.8,0,0,23,16,0
0,92,479,1671,5279,9697,1364,14.8,2.8,0,2,478,128,0
0,31,178,191,3937,5243,692,22.3,3.8,0,0,354,185,0
0,33,238,1137,3635,5962,788,23.9,3.3,0,0,398,483,0
0,1,6,6,72,92,11,11,1.8,0,0,25,6,0
51.11,121,655,2458,9618,17896,1764,14.6,2.7,3,13,700,358,1
51.11,90,339,404,4941,6907,1107,12.3,3.3,0,0,594,283,1
0,16,126,50,1736,2267,315,19.7,2.4,0,0,253,38,0
0,3,12,26,239,359,40,13.3,3.1,0,0,8,13,0
51.11,2,13,69,261,406,46,23,3.5,0,1,27,17,1
0,64,363,234,4330,5769,918,14.3,2.5,0,12,562,285,0
51.11,52,263,439,3762,5107,720,13.8,2.6,0,3,233,108,1
51.11,143,584,1089,7799,13727,1397,9.8,2.2,1,49,479,335,1
51.11,41,218,535,2570,3949,582,14.2,2.6,1,3,185,144,1
51.11,18,87,163,971,1561,177,9.8,2,0,0,92,25,1
51.11,212,1596,5646,21301,37938,4657,22,2.9,3,3,659,535,1
0,8,55,142,642,1004,130,16.3,2.4,0,0,71,69,0
0,23,106,29,1579,1925,243,10.6,2.2,0,0,287,70,0
0,6,19,33,261,389,51,8.5,2.7,0,2,34,13,0
0,11,53,8,823,985,125,11.4,2.4,0,0,117,72,0
44.62,82,571,1409,11593,15680,2320,28.3,4,0,17,1951,2497,1
51.11,278,2728,6735,30608,48494,7139,25.7,2.5,0,21,2008,1111,1
0,12,63,325,763,1607,173,14.4,2.5,1,1,29,15,0
0,8,38,41,537,993,98,12.3,2.6,0,0,49,21,0
51.11,17,117,613,1731,2942,395,23.2,3.3,0,0,196,181,1
51.11,104,512,362,6273,8277,1166,11.2,2.2,0,2,144,203,1
0,3,12,19,208,300,22,7.3,1.8,0,0,9,67,0
0,1,1,0,9,15,1,1,1,0,0,1,0,0
0,9,40,46,9888,10065,171,19,4.3,0,0,43,162,0
0,1,1,2,12,36,1,1,1,0,0,0,0,0
0,7,47,132,1170,1512,158,22.6,3.4,0,5,34,110,0
51.11,53,329,383,7571,9518,1297,24.5,3.9,0,12,718,462,1
51.11,19,100,1154,1752,3400,352,18.5,3.5,0,0,301,443,1
0,21,69,42,2378,2513,431,20.5,6.2,0,0,350,443,0
51.11,7,19,135,519,862,93,13.3,4.1,1,2,117,80,1
0,11,18,0,240,339,26,2.4,1.4,0,0,2,5,0
0,20,134,527,3066,4015,397,19.9,3,0,11,320,4709,0
50.67,292,1949,4468,29095,43699,8267,28.3,4.2,5,10,6173,2059,1
0,28,144,223,1789,2683,339,12.1,2.3,0,3,213,141,0
50,82,500,607,6481,9391,1301,15.9,2.6,1,25,339,1297,1
51.11,19,88,8,901,1232,162,8.5,1.8,0,6,25,28,1
51.11,8,29,110,535,882,123,15.4,4.1,6,2,131,28,1
51.11,29,142,168,2366,3221,500,17.2,2.7,0,7,149,65,1
51.11,14,44,30,741,933,99,7.1,2.2,0,5,77,66,1
50,77,364,265,7271,9916,1610,20.9,4.4,0,4,2129,564,1
50,41,226,409,4935,6941,1061,25.9,4.6,1,9,596,197,1
51.11,69,276,361,5799,8271,727,10.5,2.6,0,0,1164,165,1
0,49,379,246,5375,6856,1465,29.9,3.9,0,8,757,197,0
51.11,36,279,103,3541,4798,674,18.7,2.2,1,0,149,145,1
0,20,140,90,1850,2348,543,27.2,3.8,1,3,353,274,0
50,76,378,792,8602,13318,1391,18.3,3.7,2,42,1516,653,1
51.11,87,555,2120,8982,14678,1873,21.5,3.4,0,4,2165,272,1
51.11,39,281,505,4889,6839,945,24.2,3.2,0,8,515,196,1
0,22,120,142,1803,2635,305,13.9,2.5,0,2,127,142,0
0,1,8,2,135,155,22,22,2.3,0,0,15,4,0
51.11,110,612,1185,12887,17135,2608,23.7,4.2,1,9,1628,364,1
0,16,69,297,1033,1879,119,7.4,1.7,0,0,27,145,0
51.11,826,7143,20799,88194,135700,23988,29,3.3,43,113,15757,7388,1
51.11,137,805,983,10983,14769,2340,17.1,2.9,1,14,642,414,1
0,4,26,155,475,816,86,21.5,3,0,4,106,56,0
51.11,30,149,104,4106,6015,847,28.2,5.7,3,0,310,246,1
51.11,16,63,99,1431,1724,265,16.6,4.2,2,8,70,39,1
0,51,490,818,6464,8574,1396,27.4,2.8,0,2,952,770,0
50,117,555,892,8209,11612,1295,11.1,2.2,0,10,713,241,1
50,473,3654,10644,37554,60881,9748,20.6,2.6,1,16,2935,1023,1
51.11,179,820,1075,19175,22873,3687,20.6,4.4,0,9,1740,531,1
51.11,40,135,278,1786,3121,315,7.9,2.3,0,5,212,94,1
0,340,2282,10986,31177,58424,6919,20.4,2.9,116,6,1340,650,0
51.11,2,18,30,176,332,42,21,2.3,0,0,3,5,1
51.11,35,167,422,2974,3950,575,16.4,3.3,0,2,364,128,1
51.11,19,60,218,1144,1656,286,15.1,4.8,0,2,166,71,1
0,13,61,286,1276,2075,240,18.5,3.8,0,7,153,247,0
51.11,11,54,16,651,856,108,9.8,1.9,0,0,32,29,1
51.11,603,3933,6506,50318,70102,10524,17.5,2.7,89,55,2480,2072,1
50,206,1469,3396,20220,31714,3860,18.7,2.6,2,0,1769,443,1
51.11,197,924,1047,10549,14925,2109,10.7,2.3,0,27,818,390,1
50,109,634,2365,10801,19139,1744,16,2.7,4,38,526,406,1
51.11,5,21,38,409,610,68,13.6,3.2,0,3,24,17,1
50,31,169,65,2923,3814,619,20,3.7,0,6,346,116,1
0,19,255,871,7433,8780,2067,108.8,8.2,1,31,1884,704,0
44.62,23,123,511,1535,2658,405,17.6,3.3,0,1,150,103,1
0,10,60,43,1573,2113,224,22.4,3.7,0,17,140,134,0
0,5,35,10,635,781,111,22.2,3.2,0,0,30,45,0
0,1,1,2,12,37,1,1,1,0,0,2,0,0
20,3,10,12,206,288,31,10.3,3.1,0,2,15,18,0
51.11,4,25,77,420,641,70,17.5,2.7,0,0,43,81,1
30,28,207,372,2252,3507,427,15.3,2,0,1,118,124,0
0,99,686,2008,9636,16471,1685,17,2.4,1,16,299,247,0
51.11,53,276,392,3701,5076,792,14.9,2.8,0,23,234,127,1
53.33,140,872,691,10217,14098,2007,14.3,2.3,0,41,815,541,1
0,3,18,2,200,300,34,11.3,1.8,0,3,8,4,0
51.11,166,1096,2924,17664,28316,3617,21.8,3.3,4,14,900,399,1
0,114,508,1871,11080,16148,2398,21,4.7,0,4,1400,1151,0
53.33,26,184,224,2398,3016,545,21,3,0,0,336,276,1
0,16,126,318,1709,2395,399,24.9,3.2,0,16,148,189,0
0,5,68,156,1243,1747,280,56,4.1,1,1,177,122,0
51.11,22,122,47,1916,2534,461,21,3.8,0,1,220,55,1
51.11,4,10,11,310,387,41,10.3,4,0,0,8,26,1
0,39,248,109,2838,3995,493,12.6,1.9,0,1,229,337,0
0,40,82,1371,1311,3817,230,5.8,2.1,0,0,115,55,0
0,1,2,0,73,118,9,9,4.5,0,0,19,1,0
51.11,14,79,25,1336,1689,246,17.6,3,1,7,86,33,1
51.11,66,338,2689,4278,11061,768,11.6,2.3,3,5,542,116,1
50,20,134,160,1299,2281,297,14.9,2.2,0,0,101,165,1
0,2,17,30,103,177,33,16.5,1.9,0,0,32,1,0
0,123,654,1820,10467,18542,1884,15.3,2.4,0,1,2149,471,0
0,5,16,25,289,412,42,8.4,2.6,0,0,14,8,0
0,4,18,51,197,305,31,7.8,1.7,0,0,22,67,0
0,6,48,68,639,846,138,23,2.9,0,0,43,17,0
0,5,24,68,250,421,43,8.6,1.8,0,0,14,13,0
51.11,4,15,47,194,322,29,7.3,1.9,0,0,23,8,1
0,209,1703,4583,15287,28373,3340,16,1.9,3,2,455,386,0
0,11,78,1038,1525,2862,312,28.4,3.8,0,2,245,462,0
51.11,25,107,350,2139,3354,334,13.4,3.1,0,0,629,64,1
51.11,12,60,58,901,1374,185,15.4,3.1,0,0,89,65,1
0,19,107,259,3045,4317,537,28.3,5,0,11,452,300,0
0,7,58,33,486,728,103,14.7,1.8,0,0,29,12,0
0,3,62,146,553,963,171,57,2.8,0,0,28,22,0
0,3,25,23,239,359,41,13.7,1.6,0,0,3,2,0
50,14,85,223,926,1311,192,13.7,2.3,0,0,99,47,1
51.11,22,106,213,1814,2308,522,23.7,4.8,5,0,282,147,1
0,2,10,21,190,284,33,16.5,2.6,0,0,8,6,0
51.11,356,1547,8057,17348,41645,3523,9.9,2.3,1,19,1319,354,1
0,5,25,67,313,517,59,11.8,2.4,0,4,55,24,0
0,8,46,55,375,646,93,11.6,2,0,0,25,11,0
51.11,1,4,9,73,120,9,9,2.3,0,0,4,2,1
51.11,56,384,415,5039,6457,1067,19.1,2.8,1,12,455,223,1
15,6,39,266,957,1611,201,33.5,5.2,0,2,171,76,0
51.11,546,4400,30836,47210,106311,12855,23.5,2.9,6,32,2431,2055,1
0,7,32,71,620,854,81,11.6,2.5,0,0,21,24,0
0,1,8,2,126,152,32,32,4,0,0,14,1,0
51.11,24,134,49,1650,2553,367,15.3,2.5,0,4,332,56,1
0,7,43,15,532,675,121,17.3,2.8,0,0,24,3,0
51.11,6,22,36,341,442,65,10.8,3,0,7,33,10,1
0,130,860,4119,8343,16697,2410,18.5,2.7,1,6,2637,1666,0
51.11,26,111,430,3102,4925,660,25.4,5.9,1,3,418,181,1
51.11,132,655,1161,9883,14712,2039,15.4,3,1,3,259,437,1
0,1,7,4,187,229,32,32,4.6,0,0,2,3,0
0,18,84,142,1681,2215,256,14.2,2.9,0,3,265,84,0
0,5,24,25,445,661,55,11,2.3,0,0,116,18,0
52,94,537,1108,8965,13421,1198,12.7,2.2,2,2,1040,11815,1
0,9,43,202,628,1087,159,17.7,3.7,0,2,85,45,0
0,32,139,325,2556,3587,432,13.5,3.1,0,0,171,100,0
51.11,74,429,289,4808,6980,1027,13.9,2.4,4,1,144,93,1
0,5,21,10,275,330,43,8.6,2,0,0,24,26,0
0,23,71,27,1412,1771,206,9,2.9,0,0,166,31,0
51.11,155,798,1169,14394,20035,2986,19.3,3.6,0,68,2221,459,1
20,82,498,531,6623,8813,1500,18.3,3,8,3,898,466,0
0,11,93,230,3090,4436,592,53.8,6.3,0,15,524,290,0
0,14,47,31,674,888,94,6.7,2,0,0,32,16,0
51.11,11,119,123,1890,2614,418,38,3.3,0,1,58,72,1
51.11,22,144,70,2506,3157,436,19.8,3,0,0,143,69,1
0,25,240,177,2958,3807,670,26.8,2.8,0,0,338,254,0
0,22,137,99,2060,2796,319,14.5,2.3,0,8,323,135,0
0,51,275,214,5818,6283,1019,20,3.7,1,16,1525,168,0
51.11,58,300,228,3132,4429,644,11.1,2.1,3,0,299,46,1
51.11,4,13,17,277,351,40,10,2.8,0,2,45,18,1
0,2,5,3,102,157,19,9.5,3.8,0,2,6,6,0
0,8,26,7,513,692,85,10.6,3.2,0,0,114,44,0
0,20,192,203,2681,3624,542,27.1,2.8,2,0,647,165,0
51.11,5,41,5,263,364,50,10,1.2,0,0,15,5,1
51.11,167,1070,1383,16195,23347,3646,21.8,3.4,8,48,1707,1555,1
51.11,22,114,111,1340,1986,231,10.5,2,0,0,132,17,1
51.11,33,458,2986,11170,15790,1289,39.1,2.8,0,10,935,13958,1
51.11,14,67,14,711,1205,146,10.4,2.2,0,2,78,18,1
51.11,66,383,985,5636,9152,1241,18.8,3,2,24,730,560,1
51.11,9,38,185,849,1207,116,12.9,3.1,0,14,161,35,1
0,22,100,132,1244,1928,225,10.2,2.2,0,0,103,95,0
51.11,14,40,16,623,735,100,7.1,2.5,2,0,19,29,1
0,1,1,3,25,50,4,4,4,0,0,6,1,0
0,12,51,111,818,1235,98,8.2,1.9,0,1,58,44,0
51.11,132,769,963,14885,18904,2966,22.5,3.8,0,19,1671,574,1
51.11,7,34,94,474,684,90,12.9,2.6,1,5,45,3,1
51.11,9,46,24,766,1017,127,14.1,2.8,0,4,40,66,1
0,3,16,54,219,354,36,12,2.3,0,2,11,34,0
51.11,30,182,863,3609,5685,1129,37.6,6.2,0,4,1086,162,1
0,2,6,19,126,171,17,8.5,2.5,0,0,4,3,0
51.11,7,29,99,566,785,100,14.3,3.3,0,3,23,26,1
50,144,961,1882,12592,19620,2513,17.5,2.5,4,18,601,947,1
51.11,70,528,4342,6878,13922,1517,21.7,2.9,0,7,741,713,1
50,30,210,723,3631,5422,908,30.3,4.1,0,5,403,350,1
51.11,35,122,157,2170,2775,467,13.3,3.8,0,4,167,113,1
0,23,189,84,1591,2326,311,13.5,1.6,0,0,88,234,0
51.11,72,533,1521,7234,11788,1493,20.7,2.8,0,1,530,629,1
51.11,31,178,306,2787,3769,530,17.1,2.8,0,5,201,148,1
0,167,1327,4693,12331,23641,3000,18,2.2,8,13,611,415,0
51.11,9,34,4,381,451,64,7.1,1.9,0,0,54,7,1
0,61,476,2356,6003,12075,1183,19.4,2.5,0,1,198,445,0
51.11,159,1149,1687,14739,20371,3727,23.4,3.2,3,21,1106,462,1
51.11,50,206,138,4231,5083,846,16.9,4,0,8,507,249,1
50,478,2751,3621,38746,53938,7402,15.5,2.7,2,35,1573,1765,1
0,12,72,202,1316,1940,236,19.7,3.3,0,4,59,130,0
0,22,143,24,974,1274,237,10.8,1.4,0,1,66,61,0
51.11,10,38,60,638,951,128,12.8,3.4,0,0,58,26,1
0,3,5,13,87,120,9,3,1.8,0,1,9,2,0
0,24,196,128,2073,2819,497,20.7,2.5,2,12,326,186,0
0,1,1,0,17,22,1,1,1,0,0,0,1,0
51.11,7,38,56,465,682,90,12.9,2.4,0,3,30,17,1
0,17,115,453,1843,3053,405,23.8,3.5,0,0,335,167,0
0,19,79,179,1208,1973,189,9.9,2.3,0,0,150,126,0
0,5,28,78,316,555,64,12.8,2,0,0,23,8,0
0,19,104,15,1543,1651,294,15.5,2.8,0,0,166,52,0
0,47,337,162,4219,5602,733,15.6,2.2,3,0,141,241,0
50,90,526,1753,9740,14408,2033,22.6,3.7,0,32,2050,377,1
0,14,38,48,457,703,84,6,2.2,0,0,30,14,0
0,1,1,0,9,15,1,1,1,0,0,1,0,0
0,96,672,1977,10711,17379,2349,24.5,3.5,0,5,1265,573,0
51.11,1,3,6,86,126,23,23,7.7,0,16,1,3,1
51.11,35,255,210,3544,4630,721,20.6,2.6,0,1,421,147,1
51.11,36,308,2805,6749,11440,1264,35.1,4.1,0,0,990,741,1
0,5,37,27,404,530,72,14.4,1.9,0,0,39,23,0
0,27,149,39,1905,3129,417,15.4,2.8,1,0,101,70,0
50,48,163,980,3179,5446,757,15.8,4.6,0,7,284,117,1
51.11,110,798,6171,9735,21463,2461,22.4,3,0,7,790,393,1
0,63,397,526,5504,8154,1153,18.3,2.9,0,1,150,132,0
51.11,95,661,601,6162,8842,1306,13.7,1.9,1,1,248,274,1
0,52,208,79,3483,4402,616,11.8,2.9,0,10,294,161,0
0,25,128,34,1417,1985,302,12.1,2.4,0,0,229,146,0
51.11,68,379,680,6831,8947,1548,22.8,4.1,0,94,1161,533,1
51.11,108,596,475,7092,10833,1481,13.7,2.2,0,10,611,131,1
51.11,19,85,0,1301,1535,267,14.1,2.3,0,13,140,32,1
51.11,301,2616,9111,43041,67212,10040,33.4,3.6,2,10,3643,2435,1
51.11,300,1587,2600,20053,35051,4085,13.6,2.6,0,3,1315,508,1
51.11,31,202,754,4655,7744,754,24.3,3.4,0,9,971,301,1
51.11,64,228,320,4086,6182,547,8.5,2.4,0,7,98,99,1
51.11,30,131,118,2355,2914,444,14.8,3.3,0,0,122,93,1
50,144,893,1269,11755,15804,2557,17.8,2.8,3,6,788,435,1
0,49,156,501,1460,2790,205,4.2,1.3,0,1,39,189,0
51.11,134,984,604,13707,19743,2912,21.7,2.9,1,10,465,346,1
0,7,22,10,236,294,37,5.3,1.7,0,0,6,13,0
0,16,139,180,2666,3430,482,30.1,3.5,1,5,109,131,0
50,56,320,383,5291,6840,1036,18.5,2.9,0,1,257,478,1
51.11,10,47,97,910,1528,158,15.8,3.3,0,2,114,87,1
0,216,2282,7071,21985,38311,5583,25.8,2.4,0,11,1438,399,0
0,9,40,191,524,947,91,10.1,2.3,0,0,59,23,0
51.11,30,113,48,1695,2239,365,12.2,3.1,0,9,115,132,1
51.11,129,703,730,12106,15974,2859,22.2,4,0,12,964,745,1
0,34,145,61,1362,1705,229,6.7,1.6,0,0,257,112,0
51.11,68,410,170,4732,5894,1107,16.3,2.7,0,8,443,173,1
51.11,101,726,1433,10728,16751,1646,16.3,2.3,0,4,445,418,1
51.11,20,108,368,2317,3231,568,28.4,5.2,0,0,388,458,1
51.11,20,159,137,1962,2699,455,22.8,2.9,0,32,200,184,1
51.11,1260,7662,4698,64609,86075,19277,15.3,2.5,4,163,8387,2831,1
0,7,65,97,1479,1796,496,70.9,7.6,0,1,116,357,0
50,58,361,425,7719,9463,1525,26.3,4.2,2,14,554,310,1
0,92,468,177,7060,8870,1479,16.1,3.2,0,0,650,926,0
0,27,167,475,1964,3189,476,17.6,2.9,1,0,199,198,0
50,1079,7303,8302,75377,113792,19348,17.9,2.6,10,42,9195,2507,1
52.22,320,2524,4195,29325,42222,7199,22.5,2.8,12,6,1343,1225,1
0,3,14,11,234,306,44,14.7,2.4,0,3,10,7,0
0,11,48,77,747,973,96,8.7,2,0,1,129,75,0
0,2,10,6,227,254,32,16,3.1,0,0,10,8,0
51.11,347,1700,1697,22777,32028,4379,12.6,2.5,2,5,1568,697,1
51.11,219,1217,830,15264,20622,2852,13,2.2,4,6,911,223,1
0,0,0,0,0,0,0,,,0,0,4,12,0
50,8,76,271,968,1434,218,27.3,2.8,0,1,176,289,1
51.11,352,2339,10817,25636,46352,6294,17.9,2.7,3,56,1467,850,1
0,32,212,369,3684,4804,515,16.1,2.4,0,1,882,137,0
0,3,8,0,99,126,15,5,1.5,0,0,6,7,0
0,13,45,210,741,1340,91,7,2,0,0,165,19,0
0,1,8,66,295,460,38,38,3.6,0,0,70,57,0
15,496,3987,13252,55174,81620,11700,23.6,2.9,1,19,3310,4917,0
0,167,891,197,9881,12400,1959,11.7,2.2,0,7,364,251,0
0,7,30,33,370,556,66,9.4,2.2,0,0,22,18,0
51.11,100,563,916,7224,11073,1648,16.5,2.8,0,4,589,286,1
0,15,80,232,1259,1965,198,13.2,2.3,0,0,261,42,0
51.11,6,13,70,258,432,56,9.3,4.3,0,0,11,13,1
51.11,25,116,87,1576,2327,332,13.3,2.9,0,5,131,75,1
0,2,6,27,72,129,23,11.5,3.8,0,0,4,12,0
51.11,9,34,6,333,421,70,7.8,2.1,0,0,37,17,1
51.11,34,130,406,2830,4252,588,17.3,4.5,1,7,668,180,1
51.11,22,227,635,3110,6136,483,22,2.1,0,3,337,128,1
50,56,245,946,3705,6097,1331,23.8,5.4,0,3,269,659,1
51.11,66,543,985,10538,13418,2439,37,4.2,0,1,751,475,1
51.11,731,4212,1103,46634,65749,12881,17.6,3,21,109,3125,3704,1
0,48,408,2001,7890,12048,2004,41.8,4.8,1,1,1252,1273,0
51.11,201,2192,5940,20379,34479,5276,26.2,2.4,0,4,1243,316,1
50,25,113,48,1375,1763,190,7.6,1.7,0,0,67,618,1
0,11,116,770,2190,4196,420,38.2,3.6,14,0,95,50,0
0,11,81,10,1215,1554,213,19.4,2.6,0,0,77,27,0
15,16,71,241,1681,2313,296,18.5,4.2,0,1,162,172,0
51.11,44,223,1,1638,2160,351,8,1.6,0,0,89,54,1
0,13,60,156,1065,1594,246,18.9,3.9,0,6,181,28,0
0,41,206,595,3136,4739,612,14.9,3,0,4,297,241,0
0,18,148,205,1482,2043,349,19.4,2.3,0,0,141,77,0
50.67,792,3408,1010,64072,74528,15961,20.2,4.7,29,32,5825,4186,1
0,8,16,11,352,442,57,7.1,3.6,0,0,31,11,0
52.22,126,934,1157,14170,18871,3357,26.6,3.6,3,27,858,407,1
50,16,100,192,2644,3237,511,31.9,5.1,0,0,229,204,1
0,1,7,43,227,328,32,32,4.6,0,0,26,51,0
0,10,49,750,1137,2614,202,20.2,4.1,0,1,53,133,0
51.11,6,35,54,457,621,107,17.8,3.1,0,0,50,21,1
51.11,38,177,57,3034,4173,408,10.7,2.3,0,2,143,80,1
0,12,60,268,1314,1872,214,17.8,3.6,0,5,52,124,0
0,13,95,202,1480,2337,196,15.1,2.1,0,1,57,30,0
51.11,6,18,11,352,601,46,7.7,2.6,0,0,10,8,1
51.11,65,261,1126,5083,8192,867,13.3,3.3,0,3,204,227,1
0,5,14,22,216,319,33,6.6,2.4,0,0,11,6,0
0,2,20,29,413,517,62,31,3.1,0,0,24,8,0
0,5,28,21,503,715,82,16.4,2.9,0,4,62,25,0
51.11,22,96,10,1007,1121,174,7.9,2.1,0,3,141,39,1
51.11,69,470,1871,9460,15117,1952,28.3,4.1,0,13,1070,618,1
0,6,38,67,1027,1296,204,34,4.6,0,2,53,53,0
0,21,135,109,1985,2521,322,15.3,2.4,2,2,142,132,0
0,12,74,202,871,1478,154,12.8,1.8,0,0,42,22,0
0,4,26,20,585,794,118,29.5,3.7,0,0,44,49,0
51.11,17,94,52,1779,2195,372,21.9,3.9,0,11,154,119,1
51.11,5,31,81,409,619,67,13.4,2.2,0,0,13,41,1
51.11,42,319,426,4269,6324,783,18.6,2.4,2,18,486,442,1
0,51,364,259,5299,7224,1211,23.7,3.3,0,7,924,287,0
51.11,21,86,145,2149,2806,328,15.6,3.8,0,14,186,284,1
0,31,228,238,3221,4839,628,20.3,2.8,0,0,100,131,0
0,1,2,3,68,88,9,9,4.5,0,0,3,6,0
0,6,31,100,1888,2081,418,69.7,13.5,0,15,151,135,0
50,88,597,1024,8714,11776,1780,20.2,2.8,28,18,690,435,1
51.11,17,120,134,1746,2228,447,26.3,3.7,0,0,188,157,1
50,20,62,84,1186,1828,164,8.2,2.6,0,2,81,16,1
0,73,256,1764,3957,8431,711,9.7,2.5,0,0,253,171,0
51.11,8,33,72,540,769,85,10.6,2.6,0,6,27,26,1
51.11,122,689,346,9808,14339,1961,16.1,2.7,0,1,624,703,1
50,68,442,968,7358,10318,1543,22.7,3.5,0,0,529,162,1
51.11,371,1835,1006,20024,33332,3984,10.7,2.2,2,5,1287,488,1
51.11,42,211,192,2183,3353,389,9.3,1.8,1,1,123,137,1
0,15,65,369,2163,3044,493,32.9,7.6,0,0,596,207,0
0,21,111,125,1391,1916,293,14,2.6,0,0,42,57,0
0,15,68,179,1526,2106,299,19.9,4.3,0,3,122,84,0
0,6,17,2,292,372,42,7,2.5,0,1,8,11,0
0,48,351,200,4767,6085,1248,26,3.6,0,9,632,168,0
51.11,2,27,47,872,1088,217,108.5,7.9,0,0,242,123,1
0,2,8,85,1032,1315,490,245,61.3,0,1,363,285,0
51.11,50,346,379,4603,6014,1055,21.1,3,0,4,392,134,1
0,5,31,130,663,1030,102,20.4,3,0,0,88,48,0
51.11,236,975,460,10113,17467,1656,7,1.6,1,6,469,333,1
51.11,51,267,1306,4258,7244,838,16.4,3.1,2,0,328,462,1
0,1,1,0,9,15,1,1,1,0,0,2,0,0
51.11,74,470,506,4996,7031,1089,14.7,2.3,0,8,552,259,1
51.11,9,18,13,383,539,61,6.8,3.4,0,0,10,19,1
0,4,20,7,417,548,118,29.5,5.2,0,0,90,21,0
51.11,27,206,308,3822,4577,829,30.7,4,3,7,517,363,1
0,1,2,2,61,106,11,11,5.5,0,1,7,6,0
51.11,187,1531,810,16510,23397,3382,18.1,2.2,0,1,555,246,1
0,11,62,124,701,1103,99,9,1.6,0,0,100,166,0
0,49,334,342,4739,6814,997,20.3,3,0,30,297,353,0
50,3,10,117,267,555,50,16.7,5,0,0,19,22,1
0,10,76,37,948,1200,140,14,1.8,0,0,180,346,0
0,7,36,62,560,863,107,15.3,2.9,0,0,22,13,0
0,45,255,569,3830,5815,767,17,2.9,1,8,189,198,0
0,12,70,20,1101,1316,235,19.6,3,1,0,43,24,0
51.11,2,24,65,295,450,56,28,2.3,0,0,7,3,1
44.62,112,741,1467,8156,12239,1784,15.9,2.4,1,25,1852,849,1
51.11,322,2295,3957,28238,42606,6376,19.8,2.7,10,36,1994,1029,1
0,2,15,11,333,431,74,37,3.9,0,0,12,44,0
0,3,10,5,201,239,26,8.7,2.6,0,0,16,11,0
53.33,271,1740,7921,32692,51200,7510,27.7,4.3,0,21,6612,4935,1
50,8,45,74,463,830,108,13.5,2.4,0,0,59,18,1
0,46,208,213,2225,3182,411,8.9,2,2,1,160,96,0
51.11,204,1452,929,20158,27780,4386,21.5,3,34,5,731,624,1
51.11,105,453,344,6758,8959,901,8.6,2,0,32,624,210,1
0,7,33,65,1288,1640,135,19.3,4.1,0,1,54,101,0
0,18,156,142,1846,2830,458,25.4,2.9,0,12,115,147,0
51.11,7,44,9,649,910,132,18.9,3,0,2,71,15,1
50,9,38,30,743,922,127,14.1,3.2,0,0,60,19,1
0,17,100,202,1464,1930,269,15.8,2.7,0,8,160,125,0
51.11,31,137,133,3063,4057,573,18.5,3.6,0,2,307,204,1
53.33,13,47,47,1097,1290,168,12.9,3.6,0,12,151,122,1
0,56,290,1083,4917,7214,797,14.2,2.8,0,3,928,1203,0
0,8,46,125,605,1023,87,10.9,1.6,0,0,22,28,0
51.11,216,1136,546,12556,15379,2127,9.8,1.9,0,1,702,697,1
51.11,13,73,206,1473,2002,262,20.2,3.6,0,12,316,68,1
43.33,59,418,144,3249,4465,672,11.4,1.6,2,5,618,128,1
51.11,272,2205,3699,31124,38795,8645,31.8,3.9,1,10,4345,2690,1
51.11,101,502,945,6124,8976,1172,11.6,2.3,3,23,667,179,1
0,18,79,248,1179,1966,177,9.8,2.2,0,0,47,192,0
0,78,356,639,11795,13375,2247,28.8,7.4,1,6,1760,605,0
51.11,134,955,2441,13962,21592,3336,24.9,3.4,1,42,1618,891,1
0,1,10,1,49,71,12,12,1.2,0,0,5,5,0
51.11,1072,6349,20795,78223,138555,19052,17.8,3,27,73,8979,4320,1
51.11,22,94,708,2276,3556,405,18.4,4.1,6,8,475,323,1
51.11,38,108,59,2012,2526,311,8.2,2.9,1,11,218,69,1
52.63,74,418,704,5646,8072,1450,19.6,3.4,0,1,560,262,1
0,68,613,1877,9637,15883,2160,31.8,3.5,0,5,1125,409,0
50,30,198,97,2581,3319,435,14.5,2.2,0,0,76,375,1
51.11,33,193,375,4111,5755,800,24.2,4.1,0,6,554,197,1
0,18,78,762,2572,4361,294,16.3,3.6,0,64,886,232,0
51.11,53,293,957,5065,8001,918,17.3,3.1,0,4,383,165,1
0,8,59,267,771,1315,160,20,2.7,0,0,57,16,0
0,7,46,74,665,1029,115,16.4,2.4,0,2,125,33,0
51.11,9,38,63,729,979,130,14.4,3.4,0,1,64,21,1
51.11,101,706,1631,9206,14406,1927,19.1,2.6,0,83,686,272,1
0,17,89,68,1282,1734,198,11.6,2.2,1,3,201,35,0
44.62,276,1756,7663,33183,51554,7505,27.2,4.3,0,25,6751,5608,1
0,26,197,527,2850,4649,556,21.4,2.7,1,0,314,184,0
50,277,2702,7047,30067,48290,7118,25.7,2.6,0,13,2238,982,1
51.11,20,124,283,1663,2429,340,17,2.7,2,20,199,57,1
51.11,22,142,431,2965,3822,543,24.7,3.8,0,9,307,202,1
51.11,17,70,74,1243,1589,224,13.2,3.2,0,3,62,57,1
51.11,13,66,174,1432,2153,264,20.3,4,0,0,70,29,1
51.11,29,158,39,1162,1549,277,9.6,1.5,0,3,79,86,1
0,1,10,16,138,205,29,29,2.9,0,0,5,2,0
0,7,33,45,667,798,115,16.4,3.5,0,0,27,14,0
0,78,402,561,3599,5521,879,11.3,2.2,9,15,197,62,0
0,7,40,115,703,1118,107,15.3,2.7,0,0,123,111,0
0,5,28,23,512,794,94,18.8,3.2,0,3,39,28,0
53.33,271,1812,7628,34466,52905,7877,29.1,4.3,0,24,6928,5609,1
51.11,39,166,122,3497,4358,648,16.6,3.5,0,2,232,119,1
51.11,14,103,128,1887,2419,440,31.4,4,0,11,164,117,1
0,2,8,2,77,98,15,7.5,1.9,0,0,1,0,0
52.63,348,4085,6192,41119,56774,10443,30,2.5,1,9,3601,2028,1
51.11,6,50,35,744,900,161,26.8,3.2,0,3,69,8,1
0,2,11,7,255,359,39,19.5,3.5,0,0,65,2,0
50,12,46,15,666,1011,129,10.8,2.3,0,0,21,21,1
0,44,222,743,2318,4331,362,8.2,1.6,0,0,38,127,0
0,3,10,90,258,576,51,17,5.1,0,0,21,15,0
0,24,86,265,1481,1994,301,12.5,3.5,0,0,79,167,0
51.11,68,375,201,3391,4710,688,10.1,1.8,2,0,288,94,1
51.11,3,18,12,272,338,45,15,2.2,0,0,11,6,1
0,4,31,51,420,596,65,16.3,2.1,0,1,14,17,0
0,50,315,388,4313,6878,940,18.8,3,0,1,314,398,0
50,41,245,144,4782,6037,1295,31.6,5.2,1,6,314,601,1
51.11,8,37,122,1058,1629,175,21.9,4.7,0,0,70,29,1
0,29,138,583,2073,3569,408,14.1,2.9,0,5,92,198,0
51.11,74,370,939,6261,10035,1097,14.8,3,0,10,761,328,1
0,1,1,5,18,30,1,1,1,0,0,0,0,0
50,42,348,729,4635,6767,1022,24.3,2.9,0,3,642,227,1
51.11,4,17,31,237,396,39,9.8,2.3,0,0,35,20,1
0,263,1499,499,16865,20098,5253,20,3.5,4,9,3657,1305,0
51.11,29,139,381,1945,3606,379,13.1,2.7,0,1,97,94,1
53.33,3,66,91,950,1217,180,60,2,1,2,22,38,1
20,7,34,12,540,739,106,15.1,3.1,0,5,54,8,0
0,15,73,98,1240,1599,197,13.1,2.7,0,3,112,46,0
51.11,21,140,790,1993,4398,410,19.5,2.8,0,11,68,14,1
51.11,31,328,2524,11301,16017,2343,75.6,7.1,0,1,1594,1247,1
51.11,7,27,29,393,602,87,12.4,3.2,0,0,23,7,1
0,38,281,738,3775,6183,900,23.7,3.2,1,0,499,266,0
50,101,531,989,6847,10144,1402,13.9,2.6,1,4,479,207,1
0,120,750,871,9236,13221,2193,18.3,2.9,7,7,722,516,0
0,83,368,394,7280,9054,1366,16.5,3.7,0,3,1256,273,0
51.11,20,114,383,2465,3823,374,18.7,3.2,0,7,403,511,1
51.11,46,331,2288,5686,9424,1726,37.5,5.4,1,22,671,240,1
51.11,180,1397,5072,30163,42396,6473,36,4.6,0,3,1229,938,1
0,15,59,104,831,1213,161,10.7,2.6,0,0,71,42,0
51.11,40,169,183,2286,3074,431,10.8,2.5,0,1,139,120,1
51.11,2,8,10,134,204,18,9,2.3,0,0,16,7,1
0,123,638,1796,10493,15711,2913,23.7,4.6,1,2,2289,608,0
0,45,204,270,2686,3640,423,9.4,2,0,6,191,61,0
0,25,134,506,1401,2852,331,13.2,2.5,0,2,137,59,0
51.11,322,2388,4355,42910,54639,8614,26.8,3.5,5,31,3054,1901,1
0,5,15,46,213,319,52,10.4,3.5,0,1,17,6,0
0,3,23,75,634,960,115,38.3,5,0,5,29,16,0
0,1,7,0,72,91,13,13,1.9,0,0,9,7,0
51.11,147,1091,1301,12266,16358,2921,19.9,2.6,4,6,836,434,1
0,59,391,864,5009,7339,884,15,2.3,2,2,769,1339,0
0,3,22,189,848,1366,155,51.7,6.2,0,0,238,61,0
0,167,858,2167,11533,19188,2165,13,2.5,1,2,455,584,0
0,6,49,64,470,670,116,19.3,2.3,0,0,87,95,0
51.11,64,326,147,4173,5235,795,12.4,2.4,0,8,280,205,1
50,70,360,368,3339,5077,631,9,1.7,0,0,74,114,1
0,5,24,51,513,619,90,18,3.8,0,0,31,67,0
0,57,374,2515,5668,11776,1015,17.8,2.7,9,4,417,279,0
0,30,274,1974,6121,9993,1173,39.1,4.2,1,17,1091,681,0
51.11,8,29,36,254,370,51,6.4,1.8,0,2,19,10,1
51.11,151,778,1160,13852,19382,2893,19.2,3.6,0,69,2177,429,1
0,300,2927,5035,39031,54278,9224,30.7,3.1,11,8,2227,1536,0
0,15,67,35,666,1011,118,7.9,1.8,0,0,35,20,0
51.11,59,351,1061,3611,7044,719,12.2,2,4,13,436,362,1
0,29,133,139,1740,2398,325,11.2,2.4,1,0,148,127,0
50,36,286,214,4282,5590,958,26.6,3.3,0,5,278,209,1
51.11,324,2699,7689,29281,48251,6494,20,2.4,0,28,1693,657,1
51.11,6,15,7,288,380,48,8,3.1,0,2,19,16,1
51.11,43,259,54,3170,4440,714,16.6,2.8,0,9,839,90,1
51.11,10,72,46,1447,1764,273,27.3,3.8,0,12,104,106,1
51.11,25,121,138,1655,2477,379,15.2,3,0,2,355,71,1
0,1,1,0,9,15,1,1,1,0,0,2,0,0
0,10,38,36,709,1134,100,10,2.6,0,0,69,78,0
50,7,36,39,746,1028,142,20.3,3.1,0,13,97,33,1
0,21,108,89,1536,1920,374,17.8,3.4,0,4,126,59,0
51.11,4,13,20,163,238,28,7,2.2,0,0,6,6,1
51.11,128,764,961,11152,14750,2555,20,3.3,0,19,1149,374,1
15,6,38,202,820,1391,183,30.5,4.8,0,3,154,85,0
51.11,30,126,43,1568,2013,284,9.5,2.1,0,9,80,23,1
50,14,121,203,2765,3700,468,33.4,3.9,0,11,824,159,1
51.11,6,61,60,1055,1347,145,24.2,2.4,0,0,201,12,1
0,41,243,257,3433,4371,638,15.6,2.6,0,1,74,96,0
20,42,362,56,3618,5180,1072,25.5,2.9,9,3,480,174,0
51.11,147,997,1352,15093,21473,3411,23.2,3,2,35,1720,677,1
51.11,201,1223,885,13965,22316,3008,15,2.5,1,1,454,338,1
51.11,42,237,246,3354,4936,666,15.9,2.8,0,0,135,113,1
0,6,24,102,298,506,54,9,2,0,0,41,10,0
51.11,5,14,38,361,455,49,9.8,3.5,0,9,43,13,1
51.11,35,197,163,2828,4011,471,13.5,2.1,0,17,116,70,1
0,220,1580,3010,23520,32448,5575,25.3,3.5,0,28,2304,1054,0
51.11,20,93,21,1091,1312,270,13.5,2.8,0,0,69,56,1
0,1,5,2,44,55,9,9,1.8,0,0,1,2,0
51.11,8,44,208,944,1290,144,18,2.9,0,2,121,87,1
51.11,51,396,173,4919,6605,1216,23.8,3,0,13,536,550,1
51.11,25,162,195,2580,4017,497,19.9,2.8,0,1,173,50,1
0,1,1,3,25,34,4,4,4,0,0,2,1,0
44.62,21,104,235,1374,2049,338,16.1,3.2,0,2,100,96,1
0,1,4,2,59,81,13,13,3.3,0,0,4,6,0
0,10,37,11,399,682,58,5.8,1.6,0,0,9,32,0
51.11,1,3,4,101,115,10,10,3.3,0,0,5,6,1
